brand,series,collection,productName,subTitle,productId,imageUrl
MontBlanc/万宝龙,明星,,明星 瑞表 白色 U0107116,自动机械|39mm,187555,https://aihuishou-internal.oss-cn-hangzhou.aliyuncs.com/image/8189132014606436.png
MontBlanc/万宝龙,明星,,明星 瑞表 银白色 U0119955,自动机械|42mm,123812,https://sr.aihuishou.com/image/2117483393394717661.png
MontBlanc/万宝龙,明星,,明星 瑞表 银灰色 36971,自动机械|40mm,123853,https://sr.aihuishou.com/image/2117483393707708725.png
MontBlanc/万宝龙,明星,,明星 瑞表 银灰色 36969,自动机械|36mm,123797,https://sr.aihuishou.com/image/2117483393271967929.png
MontBlanc/万宝龙,传统,,传统 瑞表 白色 U0112609,自动机械|40mm,123541,https://sr.aihuishou.com/image/2117483391381701558.png
MontBlanc/万宝龙,传统,,传统 瑞表 黑色 116482,自动机械|40mm,183826,https://aihuishou-internal.oss-cn-hangzhou.aliyuncs.com/image/1069980420435156970.png
MontBlanc/万宝龙,传统,,传统 瑞表 白色 U0114369,自动机械|37mm,140652,https://sr.aihuishou.com/image/2117483387879382588.png
MontBlanc/万宝龙,传统,,传统 瑞表 蓝色 U0117830,自动机械|40mm,186976,https://aihuishou-internal.oss-cn-hangzhou.aliyuncs.com/image/3580341981808008004.png
MontBlanc/万宝龙,传统,,传统 瑞表 白色 U0119963,手动机械|40mm,140629,https://sr.aihuishou.com/image/2117483387685723365.png
MontBlanc/万宝龙,传统,,传统 瑞表 白色 U0114336,自动机械|40mm,182077,https://aihuishou-internal.oss-cn-hangzhou.aliyuncs.com/image/3398556543384504837.png
MontBlanc/万宝龙,传承典藏,,传承典藏 瑞表 银白色 U0111580,自动机械|41mm,123639,https://sr.aihuishou.com/image/2117483392095952058.png
MontBlanc/万宝龙,明星罗马,,明星罗马 瑞表 银白色 U0111881,自动机械|39mm,123757,https://sr.aihuishou.com/image/2117483392993073556.png
MontBlanc/万宝龙,Heritage Spirit,,HERITAGE SPIRIT 瑞表 银白色 U0110699,自动机械|39mm,123910,https://sr.aihuishou.com/image/2117483394135969369.png
MontBlanc/万宝龙,时光行者,,时光行者 瑞表 黑色 9670,自动机械|43mm,183462,https://aihuishou-internal.oss-cn-hangzhou.aliyuncs.com/image/6725535744614294147.png
MontBlanc/万宝龙,时光行者,,时光行者 瑞表 黑色 9668,自动机械|43mm,123970,https://sr.aihuishou.com/image/2117483394541355443.png
MontBlanc/万宝龙,时光行者,,时光行者 瑞表 银白色 U0101550,自动机械|42mm,168249,https://aihuishou-internal.oss-cn-hangzhou.aliyuncs.com/image/1004588475573169670.png
MontBlanc/万宝龙,时光行者,,时光行者 瑞表 黑色 U0116061,自动机械|41mm,182078,https://aihuishou-internal.oss-cn-hangzhou.aliyuncs.com/image/1741744701248572190.png
MontBlanc/万宝龙,时光行者,,时光行者 瑞表 黑色 U0105805,自动机械|43mm,183463,https://aihuishou-internal.oss-cn-hangzhou.aliyuncs.com/image/9159848023064399481.png
MontBlanc/万宝龙,时光行者,,时光行者 瑞表 白色 U0106592,自动机械|43mm,168344,https://aihuishou-internal.oss-cn-hangzhou.aliyuncs.com/image/8020856283890553394.png
MontBlanc/万宝龙,时光行者,,时光行者 瑞表 白色 U0101549,自动机械|43mm,140622,https://sr.aihuishou.com/image/2117483387600105789.png
MontBlanc/万宝龙,时光行者,,时光行者 瑞表 黑色 U0101548,自动机械|43mm,183827,https://aihuishou-internal.oss-cn-hangzhou.aliyuncs.com/image/8260033557341071948.png
MontBlanc/万宝龙,宝曦,,宝曦 瑞表 银白色 U0111055,自动机械|30mm,155424,https://sr.aihuishou.com/image/2117483390520749994.png
MontBlanc/万宝龙,1858,,1858 瑞表 黑色 126760,自动机械|40mm,186975,https://aihuishou-internal.oss-cn-hangzhou.aliyuncs.com/image/5303734357341138512.png
MontBlanc/万宝龙,1858,,1858 瑞表 灰色 U0130807,自动机械|41mm,184113,https://aihuishou-internal.oss-cn-hangzhou.aliyuncs.com/image/7762828595669144228.png
MontBlanc/万宝龙,1858,,1858 瑞表 蓝色 126361,自动机械|42mm,184109,https://aihuishou-internal.oss-cn-hangzhou.aliyuncs.com/image/7362455588675297190.png
MontBlanc/万宝龙,1858,,1858 瑞表 蓝色 131325,自动机械|41mm,184110,https://aihuishou-internal.oss-cn-hangzhou.aliyuncs.com/image/6161104247534430869.png
MontBlanc/万宝龙,1858,,1858 瑞表 黑色 132300,自动机械|43.5mm,184111,https://aihuishou-internal.oss-cn-hangzhou.aliyuncs.com/image/7719960856846815513.png
MontBlanc/万宝龙,1858,,1858 瑞表 蓝色 U0125565,自动机械|42mm,184112,https://aihuishou-internal.oss-cn-hangzhou.aliyuncs.com/image/8008875002314206526.png
MontBlanc/万宝龙,明星经典,,明星经典 瑞表 白色 U0110305,石英|30x37mm,135897,https://sr.aihuishou.com/image/2117483377638063775.png
MontBlanc/万宝龙,尼古拉斯凯世,,尼古拉斯凯世 瑞表 白色 U0107068,自动机械|43mm,187554,https://aihuishou-internal.oss-cn-hangzhou.aliyuncs.com/image/7660926083482247515.png
MontBlanc/万宝龙,4810,,4810 瑞表 黑色 U0102341,自动机械|42mm,182709,https://aihuishou-internal.oss-cn-hangzhou.aliyuncs.com/image/4433517532650043324.png
MontBlanc/万宝龙,4810,,4810 瑞表 银色 U0114855,自动机械|43mm,187369,https://aihuishou-internal.oss-cn-hangzhou.aliyuncs.com/image/7266738338922686101.png
MontBlanc/万宝龙,冰川,,冰川 瑞表 蓝色 134023,自动机械|38mm,184114,https://aihuishou-internal.oss-cn-hangzhou.aliyuncs.com/image/1036644378064939433.png
MontBlanc/万宝龙,STAR,,STAR 瑞表 黑色 118517,自动机械|39mm,184328,https://aihuishou-internal.oss-cn-hangzhou.aliyuncs.com/image/4844456456359940390.png
HERMES/爱马仕,HEURE H,,HEURE H 瑞表 白色 WKB0019WK34025,石英|21mm,135915,https://sr.aihuishou.com/image/2117483377724241926.png
HERMES/爱马仕,HEURE H,,HEURE H 瑞表 银白色 W037895WW00,石英|17.2mm,135886,https://sr.aihuishou.com/image/2117483377541274712.png
HERMES/爱马仕,HEURE H,,HEURE H 瑞表 白色 W037892WW00,石英|21mm,185815,https://aihuishou-internal.oss-cn-hangzhou.aliyuncs.com/image/2874938723484243459.png
HERMES/爱马仕,HEURE H,,HEURE H 瑞表 粉色 W057242WW00,石英|17mm,185825,https://aihuishou-internal.oss-cn-hangzhou.aliyuncs.com/image/6719236293822699784.png
HERMES/爱马仕,HEURE H,,HEURE H 瑞表 白色 W036792WW00,石英|26mm,186506,https://aihuishou-internal.oss-cn-hangzhou.aliyuncs.com/image/4653759624378149660.png
HERMES/爱马仕,HEURE H,,HEURE H 瑞表 白色 W055415WW00,石英|17.2mm,186510,https://aihuishou-internal.oss-cn-hangzhou.aliyuncs.com/image/4529527211126652020.png
HERMES/爱马仕,HEURE H,,HEURE H 瑞表 白色 W036791WW00,石英|26mm,182699,https://aihuishou-internal.oss-cn-hangzhou.aliyuncs.com/image/3241531125665897682.png
HERMES/爱马仕,HEURE H,,HEURE H 瑞表 白色 W053016WW00,石英|21mm,185819,https://aihuishou-internal.oss-cn-hangzhou.aliyuncs.com/image/4352190145487054176.png
HERMES/爱马仕,HEURE H,,HEURE H 瑞表 白色 W053087WW00,石英|21mm,185446,https://aihuishou-internal.oss-cn-hangzhou.aliyuncs.com/image/8113610129628128482.png
HERMES/爱马仕,HEURE H,,HEURE H 瑞表 银色 W053248WW00,石英|25mm,185447,https://aihuishou-internal.oss-cn-hangzhou.aliyuncs.com/image/304899920545948534.png
HERMES/爱马仕,HEURE H,,HEURE H 瑞表 白色 W036748WW00,石英|25mm,185814,https://aihuishou-internal.oss-cn-hangzhou.aliyuncs.com/image/1076498531999082224.png
HERMES/爱马仕,HEURE H,,HEURE H 瑞表 白色 W041653WW00,石英|17.2mm,185816,https://aihuishou-internal.oss-cn-hangzhou.aliyuncs.com/image/4246901056281645211.png
HERMES/爱马仕,HEURE H,,HEURE H 瑞表 白色 W049592WW00,石英|17mm,185817,https://aihuishou-internal.oss-cn-hangzhou.aliyuncs.com/image/8415527654909003962.png
HERMES/爱马仕,HEURE H,,HEURE H 瑞表 白色 W053014WW00,石英|21mm,185818,https://aihuishou-internal.oss-cn-hangzhou.aliyuncs.com/image/3455950152532644547.png
HERMES/爱马仕,HEURE H,,HEURE H 瑞表 白色 W053094WW00,石英|17.2mm,185820,https://aihuishou-internal.oss-cn-hangzhou.aliyuncs.com/image/2464220630168784637.png
HERMES/爱马仕,HEURE H,,HEURE H 瑞表 白色 W053355WW00,石英|21mm,185821,https://aihuishou-internal.oss-cn-hangzhou.aliyuncs.com/image/441658010890339731.png
HERMES/爱马仕,HEURE H,,HEURE H 瑞表 白色 W053370WW00,石英|26mm,185822,https://aihuishou-internal.oss-cn-hangzhou.aliyuncs.com/image/7746768635112760433.png
HERMES/爱马仕,HEURE H,,HEURE H 瑞表 银色 W053591WW00,石英|25mm,185823,https://aihuishou-internal.oss-cn-hangzhou.aliyuncs.com/image/962867373482426132.png
HERMES/爱马仕,HEURE H,,HEURE H 瑞表 白色 W054118WW00,石英|17.2mm,185824,https://aihuishou-internal.oss-cn-hangzhou.aliyuncs.com/image/5533937442705583542.png
HERMES/爱马仕,HEURE H,,HEURE H 瑞表 白色 W036710WW00,石英|21mm,186504,https://aihuishou-internal.oss-cn-hangzhou.aliyuncs.com/image/973967075614414775.png
GUCCI/古驰,G-TIMELESS,,G-TIMELESS 欧美表 粉色 YA1265047,石英|27mm,193516,https://sr.aihuishou.com/image/6889648107187395586.png
GUCCI/古驰,G-TIMELESS,,G-TIMELESS 欧美表 棕色 YA126406,石英|38.2mm,184049,https://aihuishou-internal.oss-cn-hangzhou.aliyuncs.com/image/8533677710491618509.png
GUCCI/古驰,G-TIMELESS,,G-TIMELESS 欧美表 银色 YA126442,石英|38mm,184050,https://sr.aihuishou.com/image/6532586831146728141.png
GUCCI/古驰,G-TIMELESS,,G-TIMELESS 欧美表 粉色 652721I16F08561 YA1264165,自动机械|38mm,184496,https://aihuishou-internal.oss-cn-hangzhou.aliyuncs.com/image/7099039532467737039.png
GUCCI/古驰,G-TIMELESS,,G-TIMELESS 欧美表 黑色 YA126469,自动机械|38mm,140626,https://sr.aihuishou.com/image/2117483387634509848.png
GUCCI/古驰,G-TIMELESS,,G-TIMELESS 欧美表 银色 YA1264131,石英|38mm,140718,https://sr.aihuishou.com/image/8417485902409180418.png
GUCCI/古驰,G-TIMELESS,,G-TIMELESS 欧美表 红色 YA126487B,石英|38mm,182084,https://aihuishou-internal.oss-cn-hangzhou.aliyuncs.com/image/1698812671540855274.png
GUCCI/古驰,G-TIMELESS,,G-TIMELESS 欧美表 黑色 YA126327,石英|40mm,183922,https://aihuishou-internal.oss-cn-hangzhou.aliyuncs.com/image/1048324350753912963.png
GUCCI/古驰,G-TIMELESS,,G-TIMELESS 欧美表 棕色 YA1264068A,石英|38mm,184550,https://aihuishou-internal.oss-cn-hangzhou.aliyuncs.com/image/8011583248089365349.png
GUCCI/古驰,G-TIMELESS,,G-TIMELESS 欧美表 白色 YA126468,自动机械|38mm,184998,https://aihuishou-internal.oss-cn-hangzhou.aliyuncs.com/image/1307951405364069809.png
GUCCI/古驰,G-TIMELESS,,G-TIMELESS 欧美表 银白色 YA126470A,自动机械|38mm,184999,https://aihuishou-internal.oss-cn-hangzhou.aliyuncs.com/image/7762541678377040861.png
GUCCI/古驰,G-TIMELESS,,G-TIMELESS 欧美表 白色 YA126542,石英|27mm,187557,https://aihuishou-internal.oss-cn-hangzhou.aliyuncs.com/image/3989329079201256423.png
GUCCI/古驰,DIAMANTISSIMA,,DIAMANTISSIMA 欧美表 白色 YA141404,石英|32mm,135890,https://sr.aihuishou.com/image/2117483377566718813.png
GUCCI/古驰,DIAMANTISSIMA,,DIAMANTISSIMA 欧美表 黑色 YA141401,石英|32mm,182083,https://aihuishou-internal.oss-cn-hangzhou.aliyuncs.com/image/2813852908776320509.png
GUCCI/古驰,DIAMANTISSIMA,,DIAMANTISSIMA 欧美表 白色 YA141504,石英|27mm,183828,https://aihuishou-internal.oss-cn-hangzhou.aliyuncs.com/image/3804378967958938996.png
GUCCI/古驰,DIAMANTISSIMA,,DIAMANTISSIMA 欧美表 黑色 404233 I86E0 8646,石英|32mm,183465,https://aihuishou-internal.oss-cn-hangzhou.aliyuncs.com/image/8113964410836641510.png
GUCCI/古驰,TWIRL,,TWIRL 欧美表 白色 177749 J6A70 1260,石英|23mm,135912,https://sr.aihuishou.com/image/2117483377730944320.png
GUCCI/古驰,GUCCI DIVE,,GUCCI DIVE 欧美表 白色 YA136322,石英|40mm,168352,https://aihuishou-internal.oss-cn-hangzhou.aliyuncs.com/image/5733083432110623493.png
GUCCI/古驰,GUCCI DIVE,,GUCCI DIVE 欧美表 绿色 YA136222,石英|40mm,140617,https://sr.aihuishou.com/image/2117483387586032672.png
GUCCI/古驰,GUCCI DIVE,,GUCCI DIVE 欧美表 银色 YA136336,石英|40mm,184330,https://aihuishou-internal.oss-cn-hangzhou.aliyuncs.com/image/5748986986833673238.png
Louis Vuitton/路易威登,TAMBOUR,,TAMBOUR 瑞表 深棕色 Q11211,自动机械|41.5mm,168326,https://sr.aihuishou.com/image/4195175483331085386.png
Louis Vuitton/路易威登,TAMBOUR IN BLACK,,TAMBOUR IN BLACK 瑞表 黑色 Q114K0,自动机械|44mm,182638,https://sr.aihuishou.com/image/8741447820715239496.png
Chanel/香奈儿,J12,,J12 瑞表 白色 H2570,石英|29mm,155470,https://sr.aihuishou.com/image/2117483390768122546.png
Chanel/香奈儿,J12,,J12 瑞表 白色 H5700,自动机械|38mm,123964,https://sr.aihuishou.com/image/2117483394497207228.png
Chanel/香奈儿,J12,,J12 瑞表 白色 H0968,石英|33mm,123567,https://sr.aihuishou.com/image/2117483391569466861.png
Chanel/香奈儿,J12,,J12 瑞表 白色 H2180,石英|38mm,140586,https://sr.aihuishou.com/image/2117483387277291486.png
Chanel/香奈儿,J12,,J12 瑞表 黑色 H3101,自动机械|41mm,182707,https://aihuishou-internal.oss-cn-hangzhou.aliyuncs.com/image/8387664134138456421.png
Chanel/香奈儿,J12,,J12 瑞表 白色 H0970,自动机械|38mm,39394,https://sr.aihuishou.com/image/5200574231015727724.png
Chanel/香奈儿,J12,,J12 瑞表 黑色 H0940,自动机械|41mm,182108,https://aihuishou-internal.oss-cn-hangzhou.aliyuncs.com/image/4979676683900568041.png
Chanel/香奈儿,J12,,J12 瑞表 黑色 H0950,自动机械|38mm,152907,https://sr.aihuishou.com/image/2117483389518337226.png
Chanel/香奈儿,J12,,J12 瑞表 白色 H0967,石英|33mm,42020,https://sr.aihuishou.com/image/3857521932775674967.png
Chanel/香奈儿,J12,,J12 瑞表 黑色 H6346,石英|33mm,168400,https://aihuishou-internal.oss-cn-hangzhou.aliyuncs.com/image/7227911985872335280.png
Chanel/香奈儿,J12,,J12 瑞表 白色 H7419,石英|33mm,185663,https://aihuishou-internal.oss-cn-hangzhou.aliyuncs.com/image/649106964142915175.png
Chanel/香奈儿,J12,,J12 瑞表 蓝色 H9657,自动机械|33mm,187203,https://aihuishou-internal.oss-cn-hangzhou.aliyuncs.com/image/4885039265149735861.png
Chanel/香奈儿,PREMIERE,,PREMIERE 瑞表 黑色 H0451,石英|26.1mm,123852,https://sr.aihuishou.com/image/2117483393714405618.png
Chanel/香奈儿,PREMIERE,,PREMIERE 瑞表 白色 H1639,石英|20x26mm,168401,https://aihuishou-internal.oss-cn-hangzhou.aliyuncs.com/image/2879693809157901676.png
Chanel/香奈儿,PREMIERE,,Premiere 瑞表 黑色 H7022,石英|26.1mm,185167,https://aihuishou-internal.oss-cn-hangzhou.aliyuncs.com/image/8404219146068528128.png
Chanel/香奈儿,BOY · FRIEND,,BOY · FRIEND 瑞表 黑色 H6585,石英|34.6mm,182706,https://aihuishou-internal.oss-cn-hangzhou.aliyuncs.com/image/1075209922106565048.png
